Jaccard, F1, Recall, Precision, Acc
0.664683013132999, 0.7981988036069392, 0.7861563358507281, 0.8164085096955207, 0.9655458450317382